3,10000,0.0,0.0,1000
3,20000,0.0,0.0,994
3,30000,0.0,0.0,992
3,40000,0.0,0.0,984
3,50000,0.0,0.0,1007
3,60000,0.0,0.0,1016
3,70000,0.0,0.0,1022
3,80000,0.0,0.0,968
3,90000,0.0,0.0,984
3,100000,0.0,0.0,1020
3,110000,0.0,0.0,991
3,120000,0.0,0.0,983
3,130000,0.0,0.0,1010
3,140000,0.0,0.0,998
3,150000,0.0,0.0,1001
3,160000,0.0,0.0,1003
3,170000,0.0,0.0,975
3,180000,0.0,0.0,1001
3,190000,0.0,0.0,966
3,200000,0.0,0.0,1006
3,210000,0.0,0.0,994
3,220000,0.0,0.0,1005
3,230000,0.0,0.0,1024
3,240000,0.0,0.0,986
3,250000,0.0,0.0,1007
3,260000,0.0,0.0,977
3,270000,0.0,0.0,945
3,280000,0.0,0.0,1004
3,290000,0.0,0.0,1005
3,300000,0.0,0.0,984
3,310000,0.0,0.0,1049
3,320000,0.0,0.0,1003
3,330000,0.0,0.0,994
3,340000,0.0,0.0,976
3,350000,0.0,0.0,997
3,360000,0.0,0.0,962
3,370000,0.0,0.0,976
3,380000,0.0,0.0,978
3,390000,0.0,0.0,1004
3,400000,0.0,0.0,996
3,410000,0.0,0.0,994
3,420000,0.0,0.0,991
3,430000,0.0,0.0,993
3,440000,0.0,0.0,961
3,450000,0.0,0.0,960
3,460000,0.0,0.0,989
3,470000,0.0,0.0,1002
3,480000,0.0,0.0,1025
3,490000,0.0,0.0,1008
3,500000,0.0,0.0,973
15,10000,0.0,0.0,969
15,20000,0.0,0.0,990
15,30000,0.0,0.0,970
15,40000,0.0,0.0,1009
15,50000,0.0,0.0,990
15,60000,0.0,0.0,1009
15,70000,0.0,0.0,990
15,80000,0.0,0.0,1015
15,90000,0.0,0.0,990
15,100000,0.0,0.0,950
15,110000,0.0,0.0,1023
15,120000,0.0,0.0,1016
15,130000,0.0,0.0,984
15,140000,0.0,0.0,963
15,150000,0.0,0.0,1014
15,160000,0.0,0.0,994
15,170000,0.0,0.0,1004
15,180000,0.0,0.0,976
15,190000,0.0,0.0,985
15,200000,0.0,0.0,998
15,210000,0.0,0.0,1035
15,220000,0.0,0.0,1023
15,230000,0.0,0.0,986
15,240000,0.0,0.0,996
15,250000,0.0,0.0,959
15,260000,0.0,0.0,999
15,270000,0.0,0.0,970
15,280000,0.0,0.0,983
15,290000,0.0,0.0,1012
15,300000,0.0,0.0,1003
15,310000,0.0,0.0,990
15,320000,0.0,0.0,985
15,330000,0.0,0.0,991
15,340000,0.0,0.0,1002
15,350000,0.0,0.0,997
15,360000,0.0,0.0,1016
15,370000,0.0,0.0,953
15,380000,0.0,0.0,963
15,390000,0.0,0.0,976
15,400000,0.0,0.0,1010
15,410000,0.0,0.0,1025
15,420000,0.0,0.0,989
15,430000,0.0,0.0,1033
15,440000,0.0,0.0,963
15,450000,0.0,0.0,994
15,460000,0.0,0.0,1034
15,470000,0.0,0.0,1002
15,480000,0.0,0.0,1012
15,490000,0.0,0.0,990
15,500000,0.0,0.0,972
18,10000,0.0,0.0,1014
18,20000,0.0,0.0,998
18,30000,0.0,0.0,971
18,40000,0.0,0.0,1014
18,50000,0.0,0.0,1003
18,60000,0.0,0.0,973
18,70000,0.0,0.0,1002
18,80000,0.0,0.0,1019
18,90000,0.0,0.0,982
18,100000,0.0,0.0,987
18,110000,0.0,0.0,1038
18,120000,0.0,0.0,1036
18,130000,0.0,0.0,1002
18,140000,0.0,0.0,1003
18,150000,0.0,0.0,1021
18,160000,0.0,0.0,989
18,170000,0.0,0.0,987
18,180000,0.0,0.0,1002
18,190000,0.0,0.0,961
18,200000,0.0,0.0,1023
18,210000,0.0,0.0,968
18,220000,0.0,0.0,987
18,230000,0.0,0.0,997
18,240000,0.0,0.0,983
18,250000,0.0,0.0,1068
18,260000,0.0,0.0,995
18,270000,0.0,0.0,1015
18,280000,0.0,0.0,1015
18,290000,0.0,0.0,981
18,300000,0.0,0.0,1020
18,310000,0.0,0.0,971
18,320000,0.0,0.0,987
18,330000,0.0,0.0,985
18,340000,0.0,0.0,986
18,350000,0.0,0.0,966
18,360000,0.0,0.0,1010
18,370000,0.0,0.0,986
18,380000,0.0,0.0,958
18,390000,0.0,0.0,1016
18,400000,0.0,0.0,985
18,410000,0.0,0.0,994
18,420000,0.0,0.0,1021
18,430000,0.0,0.0,972
18,440000,0.0,0.0,975
18,450000,0.0,0.0,1012
18,460000,0.0,0.0,1008
18,470000,0.0,0.0,976
18,480000,0.0,0.0,1002
18,490000,0.0,0.0,974
18,500000,0.0,0.0,999
21,10000,0.0,0.0,974
21,20000,0.0,0.0,1045
21,30000,0.0,0.0,977
21,40000,0.0,0.0,965
21,50000,0.0,0.0,1003
21,60000,0.0,0.0,1008
21,70000,0.0,0.0,998
21,80000,0.0,0.0,1000
21,90000,0.0,0.0,1028
21,100000,0.0,0.0,969
21,110000,0.0,0.0,1007
21,120000,0.0,0.0,976
21,130000,0.0,0.0,1002
21,140000,0.0,0.0,989
21,150000,0.0,0.0,960
21,160000,0.0,0.0,1017
21,170000,0.0,0.0,974
21,180000,0.0,0.0,972
21,190000,0.0,0.0,1024
21,200000,0.0,0.0,1002
21,210000,0.0,0.0,1007
21,220000,0.0,0.0,984
21,230000,0.0,0.0,1015
21,240000,0.0,0.0,1017
21,250000,0.0,0.0,986
21,260000,0.0,0.0,1004
21,270000,0.0,0.0,979
21,280000,0.0,0.0,1022
21,290000,0.0,0.0,990
21,300000,0.0,0.0,1034
21,310000,0.0,0.0,1019
21,320000,0.0,0.0,1000
21,330000,0.0,0.0,967
21,340000,0.0,0.0,973
21,350000,0.0,0.0,993
21,360000,0.0,0.0,996
21,370000,0.0,0.0,1012
21,380000,0.0,0.0,993
21,390000,0.0,0.0,980
21,400000,0.0,0.0,993
21,410000,0.0,0.0,1004
21,420000,0.0,0.0,1051
21,430000,0.0,0.0,1000
21,440000,0.0,0.0,1022
21,450000,0.0,0.0,1008
21,460000,0.0,0.0,971
21,470000,0.0,0.0,1031
21,480000,0.0,0.0,1017
21,490000,0.0,0.0,979
21,500000,0.0,0.0,1007
24,10000,0.0,0.0,1016
24,20000,0.0,0.0,992
24,30000,0.0,0.0,1031
24,40000,0.0,0.0,1022
24,50000,0.0,0.0,1044
24,60000,0.0,0.0,998
24,70000,0.0,0.0,1007
24,80000,0.0,0.0,945
24,90000,0.0,0.0,1020
24,100000,0.0,0.0,983
24,110000,0.0,0.0,1022
24,120000,0.0,0.0,1021
24,130000,0.0,0.0,973
24,140000,0.0,0.0,969
24,150000,0.0,0.0,972
24,160000,0.0,0.0,1014
24,170000,0.0,0.0,969
24,180000,0.0,0.0,1027
24,190000,0.0,0.0,1029
24,200000,0.0,0.0,993
24,210000,0.0,0.0,1030
24,220000,0.0,0.0,996
24,230000,0.0,0.0,1013
24,240000,0.0,0.0,988
24,250000,0.0,0.0,999
24,260000,0.0,0.0,1005
24,270000,0.0,0.0,991
24,280000,0.0,0.0,1004
24,290000,0.0,0.0,964
24,300000,0.0,0.0,995
24,310000,0.0,0.0,1002
24,320000,0.0,0.0,1040
24,330000,0.0,0.0,1022
24,340000,0.0,0.0,1012
24,350000,0.0,0.0,1038
24,360000,0.0,0.0,1004
24,370000,0.0,0.0,990
24,380000,0.0,0.0,1003
24,390000,0.0,0.0,1009
24,400000,0.0,0.0,997
24,410000,0.0,0.0,994
24,420000,0.0,0.0,1010
24,430000,0.0,0.0,961
24,440000,0.0,0.0,1021
24,450000,0.0,0.0,1021
24,460000,0.0,0.0,1002
24,470000,0.0,0.0,1026
24,480000,0.0,0.0,1000
24,490000,0.0,0.0,987
24,500000,0.0,0.0,1022
27,10000,0.0,0.0,999
27,20000,0.0,0.0,1014
27,30000,0.0,0.0,991
27,40000,0.0,0.0,1026
27,50000,0.0,0.0,1022
27,60000,0.0,0.0,1018
27,70000,0.0,0.0,1029
27,80000,0.0,0.0,1038
27,90000,0.0,0.0,1026
27,100000,0.0,0.0,1042
27,110000,0.0,0.0,986
27,120000,0.0,0.0,994
27,130000,0.0,0.0,1015
27,140000,0.0,0.0,977
27,150000,0.0,0.0,1014
27,160000,0.0,0.0,1014
27,170000,0.0,0.0,972
27,180000,0.0,0.0,1004
27,190000,0.0,0.0,979
27,200000,0.0,0.0,977
27,210000,0.0,0.0,1033
27,220000,0.0,0.0,1011
27,230000,0.0,0.0,980
27,240000,0.0,0.0,976
27,250000,0.0,0.0,996
27,260000,0.0,0.0,982
27,270000,0.0,0.0,1009
27,280000,0.0,0.0,958
27,290000,0.0,0.0,1004
27,300000,0.0,0.0,1000
27,310000,0.0,0.0,999
27,320000,0.0,0.0,977
27,330000,0.0,0.0,969
27,340000,0.0,0.0,1045
27,350000,0.0,0.0,1019
27,360000,0.0,0.0,1027
27,370000,0.0,0.0,991
27,380000,0.0,0.0,996
27,390000,0.0,0.0,1036
27,400000,0.0,0.0,1042
27,410000,0.0,0.0,992
27,420000,0.0,0.0,1021
27,430000,0.0,0.0,1056
27,440000,0.0,0.0,1019
27,450000,0.0,0.0,996
27,460000,0.0,0.0,992
27,470000,0.0,0.0,995
27,480000,0.0,0.0,996
27,490000,0.0,0.0,991
27,500000,0.0,0.0,990
35,10000,10.6538,32.5651,1014
35,20000,24.1371,36.2648,963
35,30000,26.2597,20.3931,982
35,40000,27.3431,26.1299,924
35,50000,32.0511,40.2485,998
35,60000,36.2269,43.5744,921
35,70000,48.9876,56.8496,964
35,80000,36.5534,88.691,945
35,90000,50.5701,84.6158,963
35,100000,56.5475,81.8164,915
35,110000,74.383,100.726,927
35,120000,84.2477,99.9493,888
35,130000,86.7919,114.846,908
35,140000,83.0971,113.973,937
35,150000,90.8322,112.891,912
35,160000,99.2369,125.713,895
35,170000,112.168,144.352,876
35,180000,119.175,162.337,897
35,190000,139.796,169.786,847
35,200000,145.46,174.885,859
35,210000,132.573,214.746,841
35,220000,172.908,231.275,824
35,230000,174.773,244.002,805
35,240000,192.781,255.573,822
35,250000,205.139,252.144,778
35,260000,216.808,262.243,782
35,270000,241.319,271.736,758
35,280000,255.756,268.178,804
35,290000,260.341,262.355,789
35,300000,268.788,278.009,780
35,310000,270.76,293.53,761
35,320000,292.88,307.191,702
35,330000,292.156,327.597,752
35,340000,338.728,319.074,728
35,350000,352.204,338.876,700
35,360000,360.24,334.813,707
35,370000,361.677,352.996,706
35,380000,355.025,362.439,713
35,390000,380.95,380.837,683
35,400000,410.5,394.571,690
35,410000,425.27,395.911,662
35,420000,459.53,412.825,647
35,430000,457.194,407.748,671
35,440000,474.555,431.197,645
35,450000,485.379,419.548,670
35,460000,485.781,420.736,670
35,470000,510.632,438.224,611
35,480000,505.103,440.368,633
35,490000,516.617,442.786,630
38,10000,14.6629,28.8157,982
38,20000,22.2489,33.9139,952
38,30000,26.3357,38.3783,986
38,40000,32.9348,37.6473,981
38,50000,41.2585,41.3893,971
38,60000,50.2503,61.2766,987
38,70000,64.182,75.6646,945
38,80000,69.0098,93.6102,921
38,90000,87.6369,119.172,895
38,100000,104.403,111.343,899
38,110000,104.953,116.957,845
38,120000,111.109,135.238,890
38,130000,116.964,155.734,845
38,140000,144.845,168.422,837
38,150000,138.604,180.546,876
38,160000,151.764,179.509,855
38,170000,168.884,195.248,826
38,180000,164.53,221.68,862
38,190000,182.511,231.571,807
38,200000,197.264,242.818,808
38,210000,199.441,254.771,787
38,220000,209.564,273.29,791
38,230000,237.194,261.021,775
38,240000,256.105,277.359,763
38,250000,265.195,279.41,766
38,260000,273.586,285.714,769
38,270000,278.285,299.545,741
38,280000,297.403,297.077,752
38,290000,297.202,313.314,748
38,300000,315.959,331.283,739
38,310000,336.357,342.974,718
38,320000,335.583,346.784,700
38,330000,335.628,345.627,731
38,340000,363.038,352.695,712
38,350000,378.461,370.433,675
38,360000,386.281,379.357,687
38,370000,410.221,382.452,682
38,380000,419.296,397.701,699
38,390000,445.452,400.575,682
38,400000,462.865,395.991,665
38,410000,476.111,414.694,660
38,420000,488.944,434.016,639
38,430000,505.626,425.447,631
38,440000,541.072,427.186,609
42,10000,15.6078,20.0712,969
42,20000,22.1504,29.1462,951
42,30000,22.8729,34.8771,960
42,40000,27.3253,30.7562,1042
42,50000,32.1503,36.5822,998
42,60000,36.0476,49.1479,987
42,70000,34.3525,60.4773,993
42,80000,51.4086,58.5172,903
42,90000,52.494,30.1486,996
42,100000,36.4106,51.752,984
42,110000,34.1557,53.7659,957
42,120000,39.3848,67.1168,959
42,130000,37.8448,63.6843,928
42,140000,42.0365,77.9109,932
42,150000,43.0796,90.1505,917
42,160000,53.926,92.8803,919
42,170000,57.4474,96.5811,950
42,180000,62.6918,112.504,863
42,190000,66.2449,123.402,890
42,200000,81.3662,119.072,904
42,210000,94.7037,115.941,864
42,220000,106.564,103.207,922
42,230000,108.373,113.957,879
42,240000,115.194,120.31,871
42,250000,117.889,139.554,891
42,260000,121.87,143.519,911
42,270000,108.953,150.277,887
42,280000,138.089,149.009,884
42,290000,129.846,142.369,914
42,300000,118.23,164.261,877
42,310000,121.665,154.509,869
42,320000,127.029,166.289,866
42,330000,140.226,176.618,840
42,340000,134.566,176.576,821
42,350000,147.453,171.533,858
42,360000,155.686,170.445,858
42,370000,149.173,173.185,822
42,380000,166.867,188.165,875
42,390000,161.191,203.434,821
42,400000,165.406,192.481,831
42,410000,177.401,201.818,802
42,420000,192.986,193.08,840
42,430000,195.692,200.623,809
42,440000,206.146,227.225,779
42,450000,218.956,234.224,774
42,460000,240.272,240.301,772
42,470000,246.434,257.569,799
42,480000,255.753,282.722,740
42,490000,261.346,290.705,772
42,500000,291.963,325.474,739
45,10000,13.1767,11.1451,1013
50,10000,0.0,0.0,1015
50,20000,0.0,0.0,1020
50,30000,0.0,0.0,1022
50,40000,0.0,0.0,1018
50,50000,0.0,0.0,966
50,60000,0.0,0.0,1009
50,70000,0.0,0.0,1010
50,80000,0.0,0.0,977
50,90000,0.0,0.0,1024
50,100000,0.0,0.0,1000
50,110000,0.0,0.0,975
50,120000,0.0,0.0,991
50,130000,0.0,0.0,995
50,140000,0.0,0.0,994
50,150000,0.0,0.0,1032
50,160000,0.0,0.0,1041
50,170000,0.0,0.0,994
50,180000,0.0,0.0,1027
50,190000,0.0,0.0,1001
50,200000,0.0,0.0,1014
50,210000,0.0,0.0,998
50,220000,0.0,0.0,1011
50,230000,0.0,0.0,1008
50,240000,0.0,0.0,1012
50,250000,0.0,0.0,966
50,260000,0.0,0.0,992
50,270000,0.0,0.0,1009
50,280000,0.0,0.0,1042
50,290000,0.0,0.0,1011
50,300000,0.0,0.0,986
50,310000,0.0,0.0,983
50,320000,0.0,0.0,1022
50,330000,0.0,0.0,982
50,340000,0.0,0.0,1010
50,350000,0.0,0.0,955
50,360000,0.0,0.0,988
50,370000,0.0,0.0,989
50,380000,0.0,0.0,1026
50,390000,0.0,0.0,998
50,400000,0.0,0.0,997
50,410000,0.0,0.0,974
50,420000,0.0,0.0,1015
50,430000,0.0,0.0,994
50,440000,0.0,0.0,993
50,450000,0.0,0.0,1001
50,460000,0.0,0.0,1019
50,470000,0.0,0.0,1043
50,480000,0.0,0.0,985
50,490000,0.0,0.0,984
50,500000,0.0,0.0,996
52,10000,0.0,0.0,988
52,20000,0.0,0.0,992
52,30000,0.0,0.0,983
52,40000,0.0,0.0,957
52,50000,0.0,0.0,982
52,60000,0.0,0.0,988
52,70000,0.0,0.0,1003
52,80000,0.0,0.0,998
52,90000,0.0,0.0,983
52,100000,0.0,0.0,1013
52,110000,0.0,0.0,986
52,120000,0.0,0.0,980
52,130000,0.0,0.0,988
52,140000,0.0,0.0,1041
52,150000,0.0,0.0,1019
52,160000,0.0,0.0,961
52,170000,0.0,0.0,997
52,180000,0.0,0.0,1024
52,190000,0.0,0.0,1010
52,200000,0.0,0.0,958
52,210000,0.0,0.0,990
52,220000,0.0,0.0,980
52,230000,0.0,0.0,1000
52,240000,0.0,0.0,1007
52,250000,0.0,0.0,987
52,260000,0.0,0.0,985
52,270000,0.0,0.0,983
52,280000,0.0,0.0,1018
52,290000,0.0,0.0,989
52,300000,0.0,0.0,990
52,310000,0.0,0.0,1035
52,320000,0.0,0.0,1002
52,330000,0.0,0.0,1016
52,340000,0.0,0.0,998
52,350000,0.0,0.0,976
52,360000,0.0,0.0,989
52,370000,0.0,0.0,1011
52,380000,0.0,0.0,1016
52,390000,0.0,0.0,993
52,400000,0.0,0.0,997
52,410000,0.0,0.0,1002
52,420000,0.0,0.0,967
52,430000,0.0,0.0,979
52,440000,0.0,0.0,1001
52,450000,0.0,0.0,986
52,460000,0.0,0.0,968
52,470000,0.0,0.0,980
52,480000,0.0,0.0,993
52,490000,0.0,0.0,987
52,500000,0.0,0.0,980
58,10000,0.0,0.0,1002
58,20000,0.0,0.0,1050
58,30000,0.0,0.0,1008
58,40000,0.0,0.0,1034
58,50000,0.0,0.0,1009
58,60000,0.0,0.0,1042
58,70000,0.0,0.0,993
58,80000,0.0,0.0,975
58,90000,0.0,0.0,1014
58,100000,0.0,0.0,988
58,110000,0.0,0.0,1008
58,120000,0.0,0.0,970
58,130000,0.0,0.0,1015
58,140000,0.0,0.0,975
58,150000,0.0,0.0,972
58,160000,0.0,0.0,1040
58,170000,0.0,0.0,984
58,180000,0.0,0.0,980
58,190000,0.0,0.0,996
58,200000,0.0,0.0,1009
58,210000,0.0,0.0,1025
58,220000,0.0,0.0,1018
58,230000,0.0,0.0,987
58,240000,0.0,0.0,1024
58,250000,0.0,0.0,1018
58,260000,0.0,0.0,997
58,270000,0.0,0.0,1048
58,280000,0.0,0.0,973
58,290000,0.0,0.0,955
58,300000,0.0,0.0,1004
58,310000,0.0,0.0,990
58,320000,0.0,0.0,1031
58,330000,0.0,0.0,985
58,340000,0.0,0.0,989
58,350000,0.0,0.0,1025
58,360000,0.0,0.0,959
58,370000,0.0,0.0,1010
58,380000,0.0,0.0,994
58,390000,0.0,0.0,1013
58,400000,0.0,0.0,985
58,410000,0.0,0.0,1017
58,420000,0.0,0.0,1017
58,430000,0.0,0.0,991
58,440000,0.0,0.0,1014
58,450000,0.0,0.0,1013
58,460000,0.0,0.0,1015
58,470000,0.0,0.0,1005
58,480000,0.0,0.0,983
58,490000,0.0,0.0,965
58,500000,0.0,0.0,996
65,10000,0.0,0.0,1028
65,20000,0.0,0.0,991
65,30000,0.0,0.0,1050
65,40000,0.0,0.0,1005
65,50000,0.0,0.0,976
65,60000,0.0,0.0,1011
65,70000,0.0,0.0,1034
65,80000,0.0,0.0,994
65,90000,0.0,0.0,1006
65,100000,0.0,0.0,984
65,110000,0.0,0.0,1000
65,120000,0.0,0.0,1021
65,130000,0.0,0.0,1011
65,140000,0.0,0.0,1017
65,150000,0.0,0.0,1026
65,160000,0.0,0.0,989
65,170000,0.0,0.0,1058
65,180000,0.0,0.0,990
65,190000,0.0,0.0,991
65,200000,0.0,0.0,1025
65,210000,0.0,0.0,972
65,220000,0.0,0.0,978
65,230000,0.0,0.0,976
65,240000,0.0,0.0,1011
65,250000,0.0,0.0,992
65,260000,0.0,0.0,1019
65,270000,0.0,0.0,985
65,280000,0.0,0.0,973
65,290000,0.0,0.0,992
65,300000,0.0,0.0,1019
65,310000,0.0,0.0,976
65,320000,0.0,0.0,1023
65,330000,0.0,0.0,1018
65,340000,0.0,0.0,984
65,350000,0.0,0.0,989
65,360000,0.0,0.0,1022
65,370000,0.0,0.0,1012
65,380000,0.0,0.0,996
65,390000,0.0,0.0,1022
65,400000,0.0,0.0,991
65,410000,0.0,0.0,1006
65,420000,0.0,0.0,941
65,430000,0.0,0.0,957
65,440000,0.0,0.0,978
65,450000,0.0,0.0,1009
65,460000,0.0,0.0,1000
65,470000,0.0,0.0,1012
65,480000,0.0,0.0,966
65,490000,0.0,0.0,972
65,500000,0.0,0.0,933
66,10000,0.0,0.0,994
66,20000,0.0,0.0,997
66,30000,0.0,0.0,981
66,40000,0.0,0.0,1034
66,50000,0.0,0.0,991
66,60000,0.0,0.0,1018
66,70000,0.0,0.0,982
66,80000,0.0,0.0,1012
66,90000,0.0,0.0,1004
66,100000,0.0,0.0,1020
66,110000,0.0,0.0,971
66,120000,0.0,0.0,1016
66,130000,0.0,0.0,1000
66,140000,0.0,0.0,987
66,150000,0.0,0.0,979
66,160000,0.0,0.0,973
66,170000,0.0,0.0,977
66,180000,0.0,0.0,1003
66,190000,0.0,0.0,990
66,200000,0.0,0.0,1029
66,210000,0.0,0.0,1013
66,220000,0.0,0.0,996
66,230000,0.0,0.0,1021
66,240000,0.0,0.0,1043
66,250000,0.0,0.0,1003
66,260000,0.0,0.0,1003
66,270000,0.0,0.0,1023
66,280000,0.0,0.0,1013
66,290000,0.0,0.0,1029
66,300000,0.0,0.0,1020
66,310000,0.0,0.0,973
66,320000,0.0,0.0,965
66,330000,0.0,0.0,1000
66,340000,0.0,0.0,1003
66,350000,0.0,0.0,994
66,360000,0.0,0.0,1042
66,370000,0.0,0.0,1015
66,380000,0.0,0.0,1010
66,390000,0.0,0.0,1020
66,400000,0.0,0.0,955
66,410000,0.0,0.0,991
66,420000,0.0,0.0,1007
66,430000,0.0,0.0,985
66,440000,0.0,0.0,999
66,450000,0.0,0.0,983
66,460000,0.0,0.0,1056
66,470000,0.0,0.0,996
66,480000,0.0,0.0,936
66,490000,0.0,0.0,996
66,500000,0.0,0.0,1012
77,10000,0.0,0.0,1024
77,20000,0.0,0.0,985
77,30000,0.0,0.0,1000
77,40000,0.0,0.0,1000
77,50000,0.0,0.0,1007
77,60000,0.0,0.0,1001
77,70000,0.0,0.0,996
77,80000,0.0,0.0,971
77,90000,0.0,0.0,970
77,100000,0.0,0.0,977
77,110000,0.0,0.0,997
77,120000,0.0,0.0,1046
77,130000,0.0,0.0,999
77,140000,0.0,0.0,963
77,150000,0.0,0.0,1037
77,160000,0.0,0.0,936
77,170000,0.0,0.0,1000
77,180000,0.0,0.0,1016
77,190000,0.0,0.0,979
77,200000,0.0,0.0,1002
77,210000,0.0,0.0,969
77,220000,0.0,0.0,1022
77,230000,0.0,0.0,1027
77,240000,0.0,0.0,1023
77,250000,0.0,0.0,1030
77,260000,0.0,0.0,974
77,270000,0.0,0.0,993
77,280000,0.0,0.0,984
77,290000,0.0,0.0,1041
77,300000,0.0,0.0,991
77,310000,0.0,0.0,1056
77,320000,0.0,0.0,967
77,330000,0.0,0.0,992
77,340000,0.0,0.0,999
77,350000,0.0,0.0,1030
77,360000,0.0,0.0,1035
77,370000,0.0,0.0,1031
77,380000,0.0,0.0,987
77,390000,0.0,0.0,995
77,400000,0.0,0.0,1025
77,410000,0.0,0.0,1020
77,420000,0.0,0.0,1005
77,430000,0.0,0.0,960
77,440000,0.0,0.0,1003
77,450000,0.0,0.0,987
77,460000,0.0,0.0,1045
77,470000,0.0,0.0,1016
77,480000,0.0,0.0,1003
77,490000,0.0,0.0,994
77,500000,0.0,0.0,1028
78,10000,0.0,0.0,969
78,20000,0.0,0.0,971
78,30000,0.0,0.0,1008
78,40000,0.0,0.0,1018
78,50000,0.0,0.0,1030
78,60000,0.0,0.0,972
78,70000,0.0,0.0,1012
78,80000,0.0,0.0,991
78,90000,0.0,0.0,1040
78,100000,0.0,0.0,1003
78,110000,0.0,0.0,975
78,120000,0.0,0.0,1005
78,130000,0.0,0.0,987
78,140000,0.0,0.0,1001
78,150000,0.0,0.0,1015
78,160000,0.0,0.0,948
78,170000,0.0,0.0,1026
78,180000,0.0,0.0,971
78,190000,0.0,0.0,982
78,200000,0.0,0.0,964
78,210000,0.0,0.0,974
78,220000,0.0,0.0,1019
78,230000,0.0,0.0,986
78,240000,0.0,0.0,985
78,250000,0.0,0.0,992
78,260000,0.0,0.0,976
78,270000,0.0,0.0,988
78,280000,0.0,0.0,1015
78,290000,0.0,0.0,1014
78,300000,0.0,0.0,964
78,310000,0.0,0.0,1009
78,320000,0.0,0.0,956
78,330000,0.0,0.0,988
78,340000,0.0,0.0,991
78,350000,0.0,0.0,1014
78,360000,0.0,0.0,987
78,370000,0.0,0.0,983
78,380000,0.0,0.0,1029
78,390000,0.0,0.0,977
78,400000,0.0,0.0,987
78,410000,0.0,0.0,1014
78,420000,0.0,0.0,977
78,430000,0.0,0.0,1013
78,440000,0.0,0.0,1027
78,450000,0.0,0.0,1034
78,460000,0.0,0.0,1025
78,470000,0.0,0.0,1020
78,480000,0.0,0.0,1025
78,490000,0.0,0.0,1004
78,500000,0.0,0.0,959
85,10000,9.92251,16.7812,955
87,10000,0.0,0.0,1057
87,20000,0.0,0.0,992
87,30000,0.0,0.0,1001
87,40000,0.0,0.0,1042
87,50000,0.0,0.0,987
87,60000,0.0,0.0,983
87,70000,0.0,0.0,990
87,80000,0.0,0.0,968
87,90000,0.0,0.0,1031
87,100000,0.0,0.0,1005
87,110000,0.0,0.0,993
87,120000,0.0,0.0,1014
87,130000,0.0,0.0,1001
87,140000,0.0,0.0,1015
87,150000,0.0,0.0,1016
87,160000,0.0,0.0,966
87,170000,0.0,0.0,1016
87,180000,0.0,0.0,985
87,190000,0.0,0.0,1027
87,200000,0.0,0.0,1014
87,210000,0.0,0.0,987
87,220000,0.0,0.0,960
87,230000,0.0,0.0,1033
87,240000,0.0,0.0,979
87,250000,0.0,0.0,998
87,260000,0.0,0.0,1024
87,270000,0.0,0.0,965
87,280000,0.0,0.0,952
87,290000,0.0,0.0,979
87,300000,0.0,0.0,1014
87,310000,0.0,0.0,1012
87,320000,0.0,0.0,989
87,330000,0.0,0.0,1008
87,340000,0.0,0.0,986
87,350000,0.0,0.0,954
87,360000,0.0,0.0,973
87,370000,0.0,0.0,1023
87,380000,0.0,0.0,1032
87,390000,0.0,0.0,1010
87,400000,0.0,0.0,1015
87,410000,0.0,0.0,998
87,420000,0.0,0.0,1017
87,430000,0.0,0.0,995
87,440000,0.0,0.0,1002
87,450000,0.0,0.0,1022
87,460000,0.0,0.0,979
87,470000,0.0,0.0,1038
87,480000,0.0,0.0,1034
87,490000,0.0,0.0,1011
87,500000,0.0,0.0,974
91,10000,20.9632,23.2955,978
91,20000,11.7426,7.38397,948
93,10000,0.0,0.0,967
93,20000,0.0,0.0,990
93,30000,0.0,0.0,1005
93,40000,0.0,0.0,984
93,50000,0.0,0.0,997
93,60000,0.0,0.0,992
93,70000,0.0,0.0,978
93,80000,0.0,0.0,1037
93,90000,0.0,0.0,1014
93,100000,0.0,0.0,1012
93,110000,0.0,0.0,992
93,120000,0.0,0.0,1029
93,130000,0.0,0.0,1002
93,140000,0.0,0.0,1010
93,150000,0.0,0.0,996
93,160000,0.0,0.0,1001
93,170000,0.0,0.0,1019
93,180000,0.0,0.0,991
93,190000,0.0,0.0,1010
93,200000,0.0,0.0,997
93,210000,0.0,0.0,1027
93,220000,0.0,0.0,1015
93,230000,0.0,0.0,1044
93,240000,0.0,0.0,984
93,250000,0.0,0.0,1032
93,260000,0.0,0.0,1024
93,270000,0.0,0.0,991
93,280000,0.0,0.0,996
93,290000,0.0,0.0,970
93,300000,0.0,0.0,987
93,310000,0.0,0.0,1011
93,320000,0.0,0.0,977
93,330000,0.0,0.0,1023
93,340000,0.0,0.0,1002
93,350000,0.0,0.0,978
93,360000,0.0,0.0,1000
93,370000,0.0,0.0,1031
93,380000,0.0,0.0,1033
93,390000,0.0,0.0,1007
93,400000,0.0,0.0,968
93,410000,0.0,0.0,1049
93,420000,0.0,0.0,960
93,430000,0.0,0.0,991
93,440000,0.0,0.0,992
93,450000,0.0,0.0,956
93,460000,0.0,0.0,1004
93,470000,0.0,0.0,975
93,480000,0.0,0.0,980
93,490000,0.0,0.0,1017
93,500000,0.0,0.0,1005
98,10000,0.0,0.0,1012
98,20000,0.0,0.0,994
98,30000,0.0,0.0,992
98,40000,0.0,0.0,981
98,50000,0.0,0.0,983
98,60000,0.0,0.0,1052
98,70000,0.0,0.0,1017
98,80000,0.0,0.0,989
98,90000,0.0,0.0,1023
98,100000,0.0,0.0,974
98,110000,0.0,0.0,1009
98,120000,0.0,0.0,1025
98,130000,0.0,0.0,973
98,140000,0.0,0.0,1000
98,150000,0.0,0.0,1004
98,160000,0.0,0.0,986
98,170000,0.0,0.0,1040
98,180000,0.0,0.0,1024
98,190000,0.0,0.0,985
98,200000,0.0,0.0,971
98,210000,0.0,0.0,1007
98,220000,0.0,0.0,1019
98,230000,0.0,0.0,999
98,240000,0.0,0.0,982
98,250000,0.0,0.0,1006
98,260000,0.0,0.0,962
98,270000,0.0,0.0,936
98,280000,0.0,0.0,1014
98,290000,0.0,0.0,1004
98,300000,0.0,0.0,1026
98,310000,0.0,0.0,1028
98,320000,0.0,0.0,982
98,330000,0.0,0.0,1004
98,340000,0.0,0.0,986
98,350000,0.0,0.0,1021
98,360000,0.0,0.0,1012
98,370000,0.0,0.0,1037
98,380000,0.0,0.0,970
98,390000,0.0,0.0,1025
98,400000,0.0,0.0,1011
98,410000,0.0,0.0,984
98,420000,0.0,0.0,994
98,430000,0.0,0.0,981
98,440000,0.0,0.0,985
98,450000,0.0,0.0,1003
98,460000,0.0,0.0,1041
98,470000,0.0,0.0,999
98,480000,0.0,0.0,977
98,490000,0.0,0.0,1033
98,500000,0.0,0.0,968
